{"cameraMode":{"drawMode":0,"name":"Shaded","section":"Shading Mode"},"sceneLighting":true,"audioPlay":false,"sceneViewState":{"showFog":false,"showMaterialUpdate":false,"showSkybox":false,"showFlares":false,"showImageEffects":false,"showParticleSystems":false},"in2DMode":false,"pivot":{"x":17.26030158996582,"y":-4.554332733154297,"z":32.91645812988281},"rotation":{"x":0.24159689247608186,"y":0.4232467710971832,"z":-0.11714982986450196,"w":0.8654354214668274},"size":16.06488037109375,"orthographic":false}